name,processor,ram,storage,display,graphics,prices
LenovoLegionPro5AIPoweredGamingLaptop,IntelCoreUltra7,32GBRAM,1TBSSD,16Inch(40.64cm)WQXGAOLEDDisplay,8GB-NVIDIAGeForceRTX5060Graphics,"2,14,999"
DellAlienware16AuroraGamingLaptop,IntelCore7,16GBRAM,1TBSSD,16Inch(40.64cm)WQXGADisplay,8GB-NVIDIAGeForceRTX5060Graphics,"1,59,990"
AcerAspireLiteAL15-41ThinandLightLaptop,AMDRyzen3,8GBRAM,512GBSSD,15.6Inch(39.62cm)FHDDisplay,AMDRadeonGraphics,"52,599"
SamsungGalaxyBook6,IntelCoreUltra7,16GBRAM,512GBSSD,16Inch(40.62cm)WUXGADisplaywithTouchscreen,IntelGraphics,"1,31,990"
SamsungGalaxyBook6,IntelCoreUltra5,16GBRAM,512GBSSD,16Inch(40.62cm)WUXGADisplaywithTouchscreen,IntelGraphics,"1,23,990"
SamsungGalaxyBook6,IntelCoreUltra7,16GBRAM,512GBSSD,16Inch(40.62cm)WUXGAAnti-GlareDisplay,IntelGraphics,"1,27,990"
SamsungGalaxyBook6,IntelCoreUltra7,16GBRAM,512GBSSD,14Inch(35.56cm)WUXGAAnti-GlareDisplay,IntelGraphics,"1,24,990"
SamsungGalaxyBook6,IntelCoreUltra5,16GBRAM,512GBSSD,14Inch(35.56cm)WUXGAAnti-GlareDisplay,IntelGraphics,"1,12,990"
LenovoLOQ15IRX10GamingLaptop,13thGenIntelCorei7,16GBRAM,512GBSSD,15.6Inch(39.62cm)FHDDisplay,8GB-NVIDIAGeForceRTX5050Graphics,"1,23,999"
LenovoIdeaPadSlim315IRH10Laptop,13thGenIntelCorei5,16GBRAM,512GBSSD,15.3Inch(38.86cm)WUXGADisplay,IntelUHDGraphics,"71,499"
LenovoLOQ15IRX9GamingLaptop,13thGenIntelCorei7,16GBRAM,512GBSSD,15.6Inch(39.62cm)FHDDisplay,6GB-NVIDIAGeForceRTX4050Graphics,"1,21,999"
LenovoLOQ15ARP10EGamingLaptop,AMDRyzen7,16GBRAM,512GBSSD,15.6Inch(39.62cm)FHDDisplay,6GB-NVIDIAGeForceRTX3050Graphics,"97,499"
AsusVivobook15Laptop,IntelCore3,8GBRAM,512GBSSD,15.6Inch(39.62cm)FHDDisplay,IntelGraphics,"53,990"
AsusVivobookS14OLEDLaptop,IntelCoreUltra5,16GBRAM,512GBSSD,14Inch(35.56cm)FHD+Display,IntelArcGraphics,"81,990"
HPLaptop,IntelCore5,16GBRAM,512GBSSD,15.6Inch(39.62cm)FHDDisplay,IntelGraphics,"69,599"
HPOMENGamingLaptop,IntelCoreUltra7,24GBRAM,1TBSSD,16Inch(40.62cm)diagonal2KDisplay,8GB-NVIDIAGeForceRTX5060Graphics,"1,54,999"
AsusZenbook14Laptop,IntelCoreUltra9,32GBRAM,1TBSSD,14Inch(35.56cm)FHD+DisplaywithTouchscreen,IntelArcGraphics,"1,45,990"
AsusTUFA16GamingLaptop,AMDRyzen7,16GBRAM,512GBSSD,16Inch(40.62cm)WQXGADisplay,6GB-NVIDIAGeForceRTX4050Graphics,"1,08,990"
AsusVivobook14Laptop,AMDRyzenAI5,16GBRAM,512GBSSD,14Inch(35.56cm)FHD+Display,AMDRadeonGraphics,"61,990"
MicrosoftSurfacePro2-in-1TouchscreenLaptop,SnapdragonXPlus,16GBRAM,512GBSSD,12InchPixelSenseLCDdisplay,Copilot+PC,"1,04,999"
HPLaptop,IntelCoreUltra7,24GBRAM,1TBSSD,14Inch(35.56cm)FHDDisplay,IntelGraphics,"89,999"
HPLaptop,IntelCore5,24GBRAM,512GBSSD,15.6Inch(39.62cm)FHDDisplay,IntelGraphics,"94,426"
SamsungGalaxyBook6Pro,IntelCoreUltraX7,32GBRAM,1TBSSD,14Inch(35.56cm)WQXGA+DisplaywithTouchscreen,IntelArcB390Graphics,"2,91,190"
SamsungGalaxyBook6Pro,IntelCoreUltra7,16GBRAM,512GBSSD,14Inch(35.56cm)WQXGA+DisplaywithTouchscreen,IntelGraphics,"1,78,990"
LenovoIdeaPadSlim3Laptop,13thGenIntelCorei7,16GBRAM,512GBSSD,15.3Inch(38.86cm)WUXGAAnti-glareDisplay,IntelUHDGraphics,"78,999"
DellDC15250Thin&LightLaptop,IntelCore3,8GBRAM,512GBSSD,15.6Inch(39.62cm)FHDDisplay,IntelGraphics,"49,999"
HPLaptop,AMDRyzen5,16GBRAM,512GBSSD,14Inch(35.56cm)FHDDisplay,AMDRadeon610MGraphics,"51,999"
DellG15GamingLaptop,13thGenIntelCorei5,16GBRAM,512GBSSD,15.6Inch(39.62cm)FHDDisplay,6GB-NVIDIAGeForceRTX3050Graphics,"84,999"
AcerAspireLite,IntelCore5,16GBRAM,512GBSSD,15.6Inch(39.62cm)FHDDisplay,IntelUHDGraphics,"60,599"
AsusVivobookGo15,AMDRyzen5,16GBRAM,512GBSSD,15.6Inch(39.62cm)FHDDisplay,AMDRadeonGraphics,"48,990"
HPLaptop,AMDRyzen5,16GBRAM,512GBSSD,15.6Inch(39.62cm)FHDDisplay,AMDRadeonGraphics,"54,999"
HPLaptop,IntelCore5,24GBRAM,512GBSSD,15.6Inch(39.62cm)FHDDisplay,IntelGraphics,"68,499"
LenovoLOQ15IRX10GamingLaptop,14thGenIntelCorei7,16GBRAM,1TBSSD,15.6InchFullHDIPSDisplay,8GBNVIDIAGeForceRTX5060Graphics,"1,54,999"
LenovoLOQ15AHP10GamingLaptop,AMDRyzen7,16GBRAM,1TBSSD,15.6Inch(39.62cm)FHDDisplay,8GBNVIDIAGeForceRTX5060Graphics,"1,39,999"
HPThin&LightLaptop,AMDRyzen3,8GBRAM,512GBSSD,15.6Inch(39.6cm)InchFullHDDisplay,AMDRadeonGraphics,"48,499"
HPLaptop,IntelCorei313thGen,8GBRAM,512GBSSD,15.6InchFullHDIPSDisplay,IntegratedIntelUHDGraphicsGPU,"69,500"
DellNew15Laptop,IntelCore3,8GBRAM,512GBSSD,15.6inch(39.62cm)Display,IntelUHDGraphics,"49,990"
StoreDisplayUnit-HPLaptop,AMDRyzen5,16GBRAM,512GBSSD,14Inch(35.6cm)FHDDisplay,AMDRadeonGraphics,"47,990"
HPLaptop,IntelCore3,24GBRAM,512GBSSD,15.6Inch(39.62cm)FHDDisplay,IntelGraphics,"52,990"
HPLaptop,IntelCore5,16GBRAM,512GBSSD,14Inch(35.6cm)FHDDisplay,IntelIrisXeGraphics,"63,990"
Dell14PlusLaptop,IntelCoreUltra7,16GBRAM,512GBSSD,14Inch(35.56cm)2.5KDisplay,IntelArcGraphics,"1,01,999"
LenovoIdeaPadSlim3Laptop,13thGenIntelCorei5,16GBRAM,512GBSSD,15.3Inch(38.86cm)WUXGADisplay,IntelUHDGraphics,"72,999"
ASUSROGStrixG16GamingLaptop,AMDRyzen98940HX,16GBRAM,1TBSSD,16Inch(40.64cm)FHD+Display,NVIDIAGeForceRTX5050Graphics,"1,73,990"
LenovoIdeaPadSlim3StandardLaptop,AMDRyzen57520U,16GBRAM,512GBSSD,15.6Inch(39.62cm)FullHDDisplay,IntegratedAMDRadeon610MGPU,"53,999"
HPVictusGamingLaptop,AMDRyzen7,16GBRAM,1TBSSD,15.6Inch(39.62cm)FHDDisplay,6GB-NVIDIAGeForceRTX4050Graphics,"91,499"
DellDC15250Laptop,13thGenIntelCorei5,16GBRAM,1TBSSD,15.6Inch(39.62cm)FHDIPSDisplay,IntelUHDGraphics,"74,999"
HPLaptop,IntelCoreUltra5,24GBRAM,1TBSSD,15.6Inch(39.62cm)FHDDisplay,IntelArcGraphics,"77,499"
ASUSVivobook15StandardLaptop,IntelCore5Processor120U,16GBRAM,512GBSSD,15.6Inch(39.62cm)FullHDDisplay,IntelGraphicsGPU,"68,990"
HPVictusGamingLaptop,14thGenIntelCorei5,24GBRAM,512GBSSD,15.6Inch(39.62cm)FHDDisplay,6GB-NVIDIAGeForceRTX3050Graphics,"90,999"
ASUSTUFGamingF16GamingLaptop,IntelCore5Processor210H,16GBRAM,512GBSSD,16Inch(40.6cm)FullHDDisplay,NVIDIAGeForceRTX30506GBGDDR6GPU,"88,990"
HPVictusGamingLaptop,AMDRyzen7,16GBRAM,512GBSSD,15.6Inch(39.62cm)FHDDisplay,6GB-NVIDIAGeForceRTX4050Graphics,"84,999"
Dell14Plus2in1Laptop,IntelCoreUltra5,16GBRAM,512GBSSD,14Inch(35.6cm)FHD+Display,IntelArcGraphics,"99,990"
Dell14PlusLaptop,IntelCoreUltra5,16GBRAM,512GBSSD,14Inch(35.56cm)2.5KDisplay,IntelArcGraphics,"86,999"
AcerNitroLiteNL16-71GGamingLaptop,13thGenIntelCorei5,16GBRAM,512GBSSD,16Inch(40.64cm)WUXGADisplay,6GB-NVIDIAGeForceRTX4050Graphics,"86,999"
AcerNitroV15ANV15-52GamingLaptop,13thGenIntelCorei7,16GBRAM,512GBSSD,15.6Inch(39.62cm)FHDIPSDisplay,8GB-NVIDIAGeForceRTX5060Graphics,"1,12,599"
LenovoLOQ15IRX9GamingLaptop,IntelCorei513thGen,16GBRAM,512GBSSD,15.6InchFullHD144HzIPSDisplay,NVIDIAGeForceRTX40506GBGPU,"1,10,999"
HPVictusGamingLaptop,13thGenIntelCorei5,16GBRAM,512GBSSD,15.6Inch(39.62cm)FHDDisplay,6GB-NVIDIAGeForceRTX4050Graphics,"84,990"
HPStandardLaptop,AMDRyzen3,8GBRAM,512GBSSD,15.6inch(39.62cm)Display,Windows11Home,"49,499"
DellNew15Laptop,IntelCorei3,16GBRAM,512GBSSD,15.6inch(39.62cm)Display,IntelUHDGraphics,"56,990"
HP15sStandardLaptop,IntelCore5,8GB,512GBSSD,FullHD,15.6inch(39.62cm)FHDDisplay,"56,499"
LenovoLegion-15SeriesAIGamingLaptop,AMDRyzen7260,16GBRAM,1TBSSD,15.3Inch(38.86cm)WQXGA165HzIPSDisplay,NVIDIAGeForceRTX50608GBGPU,"1,79,999"
HPLaptop,IntelCore5,16GBRAM,512GBSSD,15.6Inch(39.62cm)FHDDisplay,IntelGraphics,"66,499"
HPOmniBook7AILaptop,IntelCoreUltra5-225H,16GBRAM,1TBSSD,"14Inch(35.56cm)diagonal,3KOLEDDisplay",IntelArc130TGPU,"99,999"
ASUSROGStrixG16GamingLaptop,AMDRyzen98940HX,16GBRAM,1TBSSD,16Inch(40.64cm)FHD+Display,NVIDIAGeForceRTX5050GPU,"1,73,990"
HPVictusGamingLaptop,13thGenIntelCorei5,16GBRAM,512GBSSD,15.6Inch(39.62cm)FHDDisplay,6GB-NVIDIAGeForceRTX3050Graphics,"79,990"
LenovoLOQ15IAX9EGamingLaptop,12thGenIntelCorei5,16GBRAM,512GBSSD,15.6Inch(39.62cm)FHDDisplay,4GB-NVIDIAGeForceRTX3050AGraphics,"78,499"
HPVictusGamingLaptop,AMDRyzen7260,24GBRAM,1TBSSD,15.6Inch(39.62cm)FHDDisplay,8GB-NVIDIAGeForceRTX5050Graphics,"1,09,999"
HPThin&LightLaptop,IntelCoreUltra7,16GBRAM,512GBSSD,14Inch(35.6cm)FullHDDisplay,IntelArcGraphics,"79,999"
HPThin&LightLaptop,AMDRyzen7,16GBRAM,512GBSSD,15.6Inch(39.6cm)FullHDDisplay,AMDRadeon680MGraphics,"61,990"
LenovoIdeaPadSlim315Q8X10Thin&LightLaptop,SnapdragonXX1-26-100,16GBRAM,512GBSSD,15.3Inch(38.86cm)WUXGADisplay,QualcommAdrenoGraphics,"68,499"
Dell15Thin&LightLaptop,AMDRyzen5HexaCore7530U,16GBDDR4RAM,512GBSSD,15.6Inch(39.62cm)FHDDisplay,AMDRadeonGraphics,"54,990"
SamsungGalaxyBook5Laptop,IntelCoreUltra7,16GBLPDDR5XRAM,512GBSSD,15.6Inch(39.62cm)FHDDisplay,IntelGraphics,"94,990"
AcerPredatorHeliosNeo16SGamingLaptop,IntelCoreUltra7,16GBRAM,1TBStorage,16Inch(40.64cm)OLEDDisplay,8GB-NVIDIAGeForceRTX5060Graphics,"1,74,990"
HPThin&LightLaptop,AMDRyzen5Thin,8GBRAM,512GBSSD,AMDRadeonGraphics,Windows11Home,"49,999"
AcerNitroV15ANV15-52GamingLaptop,13thGenIntelCorei7,16GBRAM,512GBStorage,15.6Inch(39.62cm)FHDIPSDisplay,8GB-NVIDIAGeForceRTX5050Graphics,"1,12,999"
Dell16PlusLaptop,AMDRyzenAI5340,16GBRAM,512GBSSD,16Inch(40.64cm)2KAnti-GlareDisplay,AMDRadeon™Graphics,"72,950"
ASUSTUFA15GamingLaptop,AMDRyzen7,16GBRAM,512GBSSD,15.6Inch(39.62cm)FHDDisplay,4GB-NVIDIAGeForceRTX3050Graphics,"78,990"
Dell14PlusLaptop,AMDRyzenAI5,16GBRAM,512GBSSD,14inch(35.56cm)Display,AMDRadeonGraphics,"75,490"
DellNew15Laptop,13thGenIntelCorei5,16GBRAM,512GBSSD,15.6inch(39.62cm)Display,IntelUHDGraphics,"70,490"
LenovoYogaSlim714IMH9Thin&LightLaptop,IntelCoreUltra7155H,32GBRAM,1TBSSD,14Inch(35.56cm)OLEDDisplay,IntelArcGraphics,"1,07,999"
HPVictusGamingLaptop,AMDRyzen7,16GBRAM,512GBSSD,15.6Inch(39.62cm)FHDDisplay,4GB-NVIDIAGeForceRTX2050Graphics,"67,899"
HPVictusGamingLaptop,13thGenIntelCorei7,24GBRAM,1TBSSD,15.6Inch(39.62cm)FHDDisplay,8GB-NVIDIAGeForceRTX5050Graphics,"1,19,990"
HPVictusGamingLaptop,AMDRyzen7,16GBRAM,512GBSSD,15.6Inch(39.6cm)144HzFullHDIPSDisplay,6GB-NVIDIAGeForceRTX3050Graphics,"78,990"
HPThin&LightLaptop,IntelCore5,16GBRAM,512GBSSD,15.6Inch(39.6cm)FullHDDisplay,IntelUHDGraphics,"64,999"
LenovoLOQ15GamingLaptop,13thGenIntelCorei5,16GBRAM,512GBSSD,15.6Inch(39.6cm)FullHDDisplay,6GB-NVIDIAGeForceRTX3050Graphics,"99,999"
HPOmniBook3Thin&LightLaptop,AMDRyzenAI5,16GBRAM,512GBSSD,14Inch(35.6cm)FHDDisplay,AMDRadeon840MGraphics,"60,999"
AcerAspireLiteThin&LightLaptop,13thGenIntelCorei5,16GBRAM,512GBStorage,15.6Inch(39.62cm)FHDDisplay,IntelUHDGraphics,"63,999"
StoreDisplayUnit-ASUSVivobook15EverydayLaptop,13thGenIntelCorei3,8GBDDR4RAM,512GBSSD,15.6Inch(39.62cm)FHDDisplay,IntelUHDGraphics,"47,990"
ASUSROGStrixG16GamingLaptop,14thGenIntelCorei7,16GBDDR5RAM,1TBSSD,16Inch(40.64cm)2.5kROGNebulaDisplay,8GBNVIDIAGeForceRTX5050Graphics,"1,91,990"
AcerPredatorHelios16GamingLaptop,14thGenIntelCorei7,16GBDDR5RAM,1TBSSD,16Inch(40.64)WQXGALEDBacklitIPSDisplay,8GBNVIDIAGeForceRTX4070Graphics,"1,81,990"
HPOmniBook5NextGenAILaptop,Snapdragon®XX1-26-100,16GBLPDDR5xRAM,1TBSSD,14Inch(35.6cm)diagonal2KOLEDDisplay,QualcommAdreno™GPU,"74,999"
HPVictusGamingLaptop,13thGenIntelCorei5,16GBDDR4RAM,512GBSSD,15.6Inch(39.6cm)FHDIPSDisplay,4GB-NVIDIAGeForceRTX3050Graphics,"74,499"
LenovoYoga72-in-114IML9Laptop,IntelCoreUltra5125H,16GBLPDDR5xRAM,512GBSSD,14Inch(35.56cm)OLED10-pointMulti-touchDisplay,IntelArcGraphics,"99,999"
LenovoIdeaPadSlim315ABR8Thin&LightLaptop,AMDRyzen7,16GBDDR4RAM,512GBSSD,15.6Inch(39.62cm)Display,AMDRadeon™Graphics,"67,499"
LenovoIdeaPadSlim315IRH10Thin&LightLaptop,13thGenIntelCorei7,16GBDDR5RAM,512GBSSD,15.3Inch(38.86cm)WUXGADisplay,IntelUHDGraphics,"80,999"
ASUSVivobookS14AIPoweredLightWeightLaptop,IntelCoreUltra5225H,16GBDDR5RAM,512GBSSD,14Inch(35.56cm)WUXGADisplay,IntelAIBoostNPUupto13TOPS,"85,990"
MSIModern15Thin&LightLaptop,13thGenIntelCorei5,16GBDDR4RAM,512GBSSD,15.6Inch(39.62cm)FullHDDisplay,IntelIrisXeGraphics,"55,990"
MSIModern15Thin&LightLaptop,AMDRyzen7,16GBDDR4RAM,512GBSSD,15.6Inch(39.62cm)FullHDDisplay,AMDRadeonGraphics,"59,990"
MSIKatanaA15AIGamingLaptop,AMDRyzen9,16GBDDR5RAM,512GBSSD,15.6Inch(39.62cm)FullHDDisplay,NVIDIAGeForceRTX40608GBGraphics,"1,34,990"
ASUSZenbook14OLEDAIPoweredLaptop,IntelCoreUltra7,32GBLPDDR5XRAM,1TBSSD,14Inch(35.56cm)TouchScreen3KOLEDDisplay,Intel®Arc™Graphics,"1,35,990"
ASUSTUFF16GamingLaptop,IntelCorei7,16GBDDR5RAM,1TBSSD,16Inch(40.64cm)FHD+Display,NVIDIARTX50608GBGraphics,"1,73,990"
ASUSROGStrixG16GamingLaptop,AMDRyzen9,16GBDDR5RAM,1TBSSD,16Inch(40.64cm)2.5kROGNebulaDisplay,NVIDIARTX50608GBGraphics,"1,99,990"
ASUSROGStrixG16GamingLaptop,IntelCoreUltra9,16GBDDR5RAM,1TBSSD,16Inch(40.64cm)2.5kROGNebulaDisplay,NVIDIARTX50608GBGraphics,"2,27,990"
ASUSROGStrixG16GamingLaptop,IntelCoreUltra9,32GBDDR5RAM,1TBSSD,16Inch(40.64cm)2.5kROGNebulaDisplay,NVIDIARTX50708GBGraphics,"2,75,990"
AcerAspireLiteAL15-41Laptop,AMDRyzen5,16GBDDR4RAM,512GBSSD,15.6Inch(39.62cm)FullHDDisplay,AMDRadeonGraphics,"56,999"
AcerAspireLiteAL15-41Laptop,AMDRyzen7,16GBDDR4RAM,512GBSSD,15.6Inch(39.62cm)FullHDDisplay,AMDRadeonGraphics,"64,999"
SamsungGalaxyBook4NotebookLaptop,IntelCore5,16GBLPDDR4XRAM,512GBSSD,15.6Inch(39.62cm)Display,IntelIrisXeGraphics,"84,990"
ASUSVivobook16AIPoweredLaptop,SnapdragonXX126100,16GBLPDDR5XRAM,512GBSSD,16Inch(40.64cm)WUXGADisplay,Qualcomm®Adreno™GPUGraphics,"74,990"
LenovoIdeaPadSlim5Thin&LightLaptop,AMDRyzen7,16GBLPDDR5xRAM,512GBSSD,13.3Inch(33.78cm)WUXGAIPSDisplay,AMDRadeonGraphics,"77,999"
LenovoIdeaPadSlim3Thin&LightLaptop,13thGenIntelCorei5,16GBDDR5RAM,512GBSSD,15.3Inch(38.86cm)WUXGAIPSDisplay,IntelUHDGraphics,"68,999"
ASUSVivobookGo14Laptop,AMDRyzen5,8GBLPDDR5RAM,512GBSSD,14Inch(35.56cm)FHDDisplay,AMDRadeonGraphics,"46,990"
ASUSVivobook16Laptop,IntelCorei5-13420H,16GBDDR4RAM,512GBSSD,16Inch(40.64cm)WUXGADisplay,IntelUHDGraphics,"68,990"
ASUSROGStrixSCAR16GamingLaptop,IntelCoreUltra9275HX,32GBRAM,2TBSSD,16Inch(40.64cm)2.5KWQXGADisplay,16GB-NVIDIAGeForceRTX5080Graphics,"3,99,990"
ASUSROGStrixG16GamingLaptop,IntelCoreUltra9275HX,32GBRAM,1TBSSD,16Inch(40.64cm)2.5KWQXGADisplay,12GB-NVIDIAGeForceRTX5070TiGraphics,"2,79,990"
ASUSROGZephyrusG16GamingLaptop,IntelCoreUltra9285H,32GBLPDDR5XRAM,2TBSSD,16Inch(40.64cm)2.5KWQXGADisplay,16GB-NVIDIAGeForceRTX5080Graphics,"3,59,990"
RefurbishedDellLatitude74102In1,Corei710thGen,16GB,512GBSSD,Webcam,14''Touch,"44,499"
RefurbishedLenovoThinkpadL14Gen1,Corei510thGen,8GB,512GBSSD,Webcam,"14""NonTouch","32,499"
RefurbishedDellLatitude5411,Corei510thGen,16GB,512GBSSD,Webcam,"14""","34,999"
RefurbishedHPProbook645G4,AMDRyzen5Pro,8GB,256GBSSD,Webcam,14''NonTouch,"23,999"
RefurbishedHPElitebook840G5,Corei58thGen,8GB,512GBSSD,Webcam,14'',"29,999"
HPOmniBook7AeroNextGenAILaptop,AMDRyzenAI7,16GBLPDDR5xRAM,512GBSSD,13.3Inch(33.78cm)diagonalWQXGADisplay,AMDRadeon860MGraphics,"85,990"
HPOmniBookXFlipConvertibleLaptop,IntelCoreUltra5,16GBLPDDR5xRAM,512GBSSD,14Inch(35.56cm)diagonal3KOLEDTouchscreenDisplay,IntelArcGraphics,"1,20,000"
HPPavilionPlusLaptop,13thGenCorei5,16GBRAM,512GBSSD,14inch(35.56cm),Intel®Iris®XeGraphics,"74,999"
AcerSwiftGo14Laptop,IntelCoreUltra5125H,16GBLPDDR5XRAM,512GBSSD,14Inch(35.56cm)TouchscreenDisplay,IntelARCGraphics,"75,990"
SamsungGalaxyBook5ProLaptop,IntelCoreUltra7,16GBLPDDR5XRAM,512GBSSD,14Inch(35.56cm)WQXGA+DynamicAMOLED2XDisplay,IntelARCGraphics,"1,39,990"
SamsungGalaxyBook5ProLaptop,IntelCoreUltra5,16GBLPDDR5XRAM,512GBSSD,14Inch(35.56cm)WQXGA+DynamicAMOLED2XDisplay,IntelARCGraphics,"1,31,990"
SamsungGalaxyBook5360Laptop,IntelCoreUltra5,16GBLPDDR5XRAM,512GBSSD,15.6Inch(39.62cm)FHDAMOLEDDisplay,IntelARCGraphics,"1,14,990"
SamsungGalaxyBook5360Laptop,IntelCoreUltra7,16GBLPDDR5XRAM,512GBSSD,15.6Inch(39.62cm)FHDAMOLEDDisplay,IntelARCGraphics,"1,22,990"
StoreDisplayUnit-ASUSVivobook16,12thGenCorei5,16GBRAM,512GBSSD,16inch(40.64cm),IntelIrisXeGraphics,"48,990"
SamsungGalaxyBook3360Laptop,IntelCorei5,16GBRAM,512GBSSD,13.3Inch(33.78cm)FHDAMOLEDDisplay,IntelIrisXeGraphics,"1,04,990"
LenovoLOQGamingLaptop,12thGenCorei5,16GBRAM,512GBSSD,15.6Inch(39.62cm),6GBRTX™3050Graphics,"88,999"
AcerSwift14AILaptop,IntelCoreUltra5,16GBLPDDR5XRAM,512GBSSD,14Inch(35.56cm)OLEDDisplay,IntelARCGraphics,"85,990"
ASUSZenbook14AILaptop2025,IntelCoreUltra5Series2,16GBLPDDR5XRAM,1TBSSD,14Inch(35.56cm)OLEDDisplay,IntelArcGraphics,"1,25,990"
ASUSVivobook16AILaptop2025,IntelCoreUltra5,16GBRAM,512GBSSD,16Inch(40.64cm)WUXGADisplay,IntelGraphics,"77,990"
StoreDisplayUnit-DellInspiron3530Thin&LightLaptop,13thGenIntelCorei5,16GBRAM,512GBSSD,15.6inch,IntelUHDGraphics,"59,999"
StoreDisplayUnit-HPLaptop14AILaptop,IntelCoreUltra5125H,16GBRAM,512GBSSD,14inch(35.6cm)IntelArcGraphics,BacklitKB,"62,990"
DellInspiron14PlusLaptop,IntelCoreUltra7,16GBRAM,1TBStorage,14Inch(35.56cm)Display,IntelArcGraphics,"97,990"
StoreDisplayUnit-DellInspiron14Laptop,QualcommSnapdragonXPlus,16GBLPDDR5XRAM,512GBSSD,14Inch(35.56cm)FHDPlusIPSDisplay,QualcommAdrenoGraphics,"71,499"
StoreDisplayUnit-DellInspiron543013thGenLaptop,IntelCorei5-1335U,8GBLPDDR5RAM,512GBSSD,14Inch(35.56cm)FHD+Display,IntelIrisXEGraphics,"62,999"
StoreDisplayUnitHP15Laptop,AMDRyzen3,8GBRAM,512SSD,15.6inch(39.6cm)FHDDisplay,Thin&Light,"32,990"
DellInspiron14PlusLaptop,IntelCoreUltra7,16GBRAM,1TBSSD,14inch(35.56cm),Intel?Arc?Graphics,"97,990"
StoreDisplayUnit-AcerSwiftGo14AILaptop,IntelCoreUltra5,16GBRAM,512GBSSD,14inch(35.56cm)OLEDDisplay,IntelARCGraphics,"73,000"
MicrosoftSurfacePro,11thEdition)(SnapdragonXElite(12Core),16GBRAM,512GBSSD,13inch(33.02cm)QualcommGraphics,Win11,"1,61,990"
StoreDisplayUnit-AppleMacBookAir15InchM2ChipMQKT3HN/A,8GBRAM,512GBSSD,15.3inch(38.91cm)LiquidRetinaDisplay,10coreGPU,macOS,"1,06,490"
StoreDisplayUnit-AppleMacBookAirM2ChipMQKW3HN/A,8GBRAM,256GBSSD,15.3inch(38.91cm)LiquidRetinaDisplay,10coreGPU,macOS,"92,790"
HPOMENGamingLaptop,IntelCore7,24GBRAM,1TBSSD,16Inch(40.6cm)diagonal2KDisplay,8GB-NVIDIAGeForceRTX5050Graphics,"1,37,999"
AppleMacBookNeoA18Prochip,8GBRAM,512GBSSD,13InchLiquidRetinaDisplay,6‑coreCPUand5‑coreGPU,TouchID,"73,490"
AppleMacBookNeoA18Prochip,8GBRAM,256GBSSD,13InchLiquidRetinaDisplay,6‑coreCPUand5‑coreGPU,Blush,"66,490"
AppleMacBookNeoA18Prochip,8GBRAM,512GBSSD,13InchLiquidRetinaDisplay,6‑coreCPUand5‑coreGPU,TouchID,"73,490"
AppleMacBookNeoA18Prochip,8GBRAM,256GBSSD,13InchLiquidRetinaDisplay,6‑coreCPUand5‑coreGPU,Indigo,"66,490"
AppleMacBookNeoA18Prochip,8GBRAM,512GBSSD,13InchLiquidRetinaDisplay,6‑coreCPUand5‑coreGPU,TouchID,"73,490"
AppleMacBookNeoA18Prochip,8GBRAM,512GBSSD,13InchLiquidRetinaDisplay,6‑coreCPUand5‑coreGPU,TouchID,"73,490"
AppleMacBookNeoA18Prochip,8GBRAM,256GBSSD,13InchLiquidRetinaDisplay,6‑coreCPUand5‑coreGPU,Silver,"66,490"
AppleMacBookAirM5Chip,16GBRAM,512GBSSD,15InchLiquidRetinaDisplay,10‑coreCPUand10‑coreGPU,SkyBlue,"1,37,990"
AppleMacBookAirM5Chip,16GBRAM,512GBSSD,15InchLiquidRetinaDisplay,10‑coreCPUand10‑coreGPU,Midnight,"1,37,990"
AppleMacBookAirM5Chip,16GBRAM,512GBSSD,15InchLiquidRetinaDisplay,10‑coreCPUand10‑coreGPU,Starlight,"1,37,990"
AppleMacBookAirM5Chip,16GBRAM,512GBSSD,15InchLiquidRetinaDisplay,10‑coreCPUand10‑coreGPU,Silver,"1,37,990"
AppleMacBookAirM5Chip,16GBRAM,1TBSSD,13InchLiquidRetinaDisplay,10‑coreCPUand10‑coreGPU,SkyBlue,"1,28,690"
AppleMacBookAirM5Chip,16GBRAM,512GBSSD,13InchLiquidRetinaDisplay,10‑coreCPUand8‑coreGPU,SkyBlue,"1,09,990"
AppleMacBookAirM5Chip,16GBRAM,512GBSSD,13InchLiquidRetinaDisplay,10‑coreCPUand8‑coreGPU,Midnight,"1,09,990"
AppleMacBookAirM5Chip,16GBRAM,512GBSSD,13InchLiquidRetinaDisplay,10‑coreCPUand8‑coreGPU,Starlight,"1,09,990"
HPLaptop,13thGenIntelCorei3,8GBRAM,512GBSSD,15.6Inch(39.62cm)FHDDisplay,IntelUHDGraphics,"48,999"
AppleMacBookAirM5Chip,16GBRAM,512GBSSD,13InchLiquidRetinaDisplay,10‑coreCPUand8‑coreGPU,Silver,"1,09,990"
ASUSVivobookS16AIPoweredLightWeightLaptop,AMDRyzenAI5,16GBRAM,512GBSSD,16Inch(40.64cm)FHD+Display,AMDXDNANPUupto50TOPS,"81,990"
SamsungGalaxyBook6Pro,IntelCoreUltra7,32GBRAM,1TBSSD,16Inch(40.62cm)WQXGA+DisplaywithTouchscreen,IntelGraphics,"2,19,990"
SamsungGalaxyBook6Pro,IntelCoreUltra7,16GBRAM,1TBSSD,14Inch(35.56cm)WQXGA+DisplaywithTouchscreen,IntelGraphics,"1,84,990"
SamsungGalaxyBook6Ultra,IntelCoreUltraX7,32GBRAM,1TBSSD,16Inch(40.62cm)WQXGA+DisplaywithTouchscreen,IntelArcB390Graphics,"2,42,990"
MicrosoftNewSurfaceTouchscreenLaptop,SnapdragonXPlus(8Core),16GBRAM,256GBSSD,13Inch(33.02cm)PixelSenseDisplay,Copilot+PC,"1,07,999"
MicrosoftSurfacePro2-in-1TouchscreenLaptop,SnapdragonXPlus,16GBRAM,256GBSSD,12InchPixelSenseLCDdisplay,Copilot+PC,"95,999"
MicrosoftSurfacePro,11thEdition)(SnapdragonXPlus(10Core),16GBRAM,512GBSSD,13inch(33.02cm)Display,QualcommGraphics,"1,43,999"
MicrosoftSurfacePro,11thEdition)(SnapdragonXPlus(10Core),16GBRAM,256GBSSD,13inch(33.02cm)Display,QualcommGraphics,"1,24,999"
MicrosoftSurfacePro,11thEdition)(SnapdragonXElite(12Core),16GBRAM,512GBSSD,13inch(33.02cm)Display,QualcommGraphics,"1,77,999"
MicrosoftSurfaceLaptop,7thEdition)(SnapdragonXPlus(10Core),16GBRAM,512GBSSD,13.8inch(35.05cm)Display,QualcommGraphics,"1,44,999"
SamsungGalaxyBook6Ultra,IntelCoreUltra7,32GBRAM,1TBSSD,16Inch(40.62cm)WQXGA+DisplaywithTouchscreen,8GB-NVIDIAGeForceRTX5070Graphics,"4,17,190"
SamsungGalaxyBook6Pro,IntelCoreUltra7,32GBRAM,1TBSSD,14Inch(35.56cm)WQXGA+DisplaywithTouchscreen,IntelGraphics,"2,04,990"
SamsungGalaxyBook6,IntelCoreUltra7,16GBRAM,1TBSSD,16Inch(40.62cm)WUXGADisplaywithTouchscreen,IntelGraphics,"1,98,790"
LenovoYoga72-in-114AKP10Laptop,AMDRyzenAI7,32GBRAM,1TBSSD,14Inch(35.56cm)OLED10-pointMulti-touchDisplay,AMDRadeon860MGraphics,"1,16,999"
LenovoIdeaPadSlim3Laptop,AMDRyzen3,8GBDDR5RAM,512GBSSD,15.6Inch(39.62cm)FHDDisplay,AMDRadeonGraphics,"43,999"
AcerNitroV15ANV15-52GamingLaptop,13thGenIntelCorei5,16GBRAM,512GBSSD,15.6Inch(39.62cm)FHDIPSDisplay,8GB-NVIDIAGeForceRTX5050Graphics,"90,599"
LenovoLOQ15ARP9GamingLaptop,AMDRyzen5,12GBRAM,512GBSSD,15.6Inch(39.62cm)FHDDisplay,4GB-NVIDIAGeForceRTX3050AGraphics,"70,999"
HPLaptop,13thGenIntelCorei5,16GBRAM,512GBSSD,15.6Inch(39.6cm)FHDDisplay,IntelIrisXeGraphics,"60,499"
HPLaptop,IntelCore3,8GBRAM,512GBSSD,15.6Inch(39.6cm)FHDDisplay,IntelGraphics,"53,490"
ASUSTUFA16GamingLaptop,AMDRyzen77445HS,16GBRAM,512GBStorage,16Inch(40.64cm)FHD+Display,6GB-NVIDIAGeForceRTX4050Graphics,"1,06,990"
ASUSVivobook15LightWeightLaptop,13thGenIntelCorei3,16GBRAM,512GBStorage,15.6Inch(39.62cm)FHDDisplay,IntelGraphics,"53,990"
ASUSVivobook15LightWeightLaptop,13thGenIntelCorei3,8GBRAM,512GBStorage,15.6Inch(39.62cm)FHDDisplay,IntelGraphics,"47,990"
AsusTUFF16GamingLaptop,IntelCore5,16GBRAM,512GBStorage,16Inch(40.64cm)FHD+Display,6GB-NVIDIAGeForceRTX4050Graphics,"1,04,990"
DellDC14250Laptop,IntelCore5,16GBRAM,512GBSSD,14Inch(35.56cm)FullHD+Display,IntelUHDGraphics,"64,999"
HPLaptop,IntelCoreUltra5,16GBRAM,512GBSSD,15.6Inch(39.6cm)FHDIPSDisplay,IntelArcGraphics,"71,999"
ASUSVivobookGo14StandardLaptop,AMDRyzen™57520U,16GBRAM,512GBSSD,14InchFullHDAnti-GlareDisplay,IntegratedAMDRadeonGraphicsGPU,"48,990"
LenovoYogaSlim714IMH9Thin&LightLaptop,IntelCore9,32GBRAM,1TBSSD,14InchWUXGAOLEDDisplay,IntegratedIntelGraphicsGPU,"1,05,990"
LenovoLOQ15IRX10GamingLaptop,IntelCorei714thGen,32GBRAM,1TBSSD,15.6InchFullHD144HzIPSDisplay,NVIDIAGeForceRTX50608GBGPU,"1,47,999"
StoreDisplayUnit-DellInspiron3530Laptop,IntelCorei513thGen,8GBRAM,512GBSSD,15.6InchFullHDDisplay,IntegratedIntelUHDGraphicsGPU,"54,499"
ASUSVivobook15Laptop,IntelCorei3-1315U,8GBRAM,512GBSSD,15.6Inch(39.62cm)FullHDDisplay,IntelUHDGraphicsGPU,"47,990"
ASUSVivobookGo14StudentLaptop,AMDRyzen37320U,8GBRAM,512GBSSD,14Inch(35.56cm)FHDDisplay,AMDRadeonGraphics,"43,990"
StoreDisplayUnit-AppleMacBookProM4Chip,16GBRAM,512GBSSD,14.2inch(35.97cm)LiquidRetinaXDRDisplay,10-coreCPU,10-coreGPUmacOS,"1,14,900"
StoreDisplayUnit-AppleMacBookProM4Chip,16GBRAM,512GBSSD,14.2inch(35.97cm)LiquidRetinaXDRDisplay,10-coreCPU,10-coreGPUmacOS,"1,14,900"
"MicrosoftNewSurface13""TouchscreenLaptop",SnapdragonXPlus(8Core),16GBRAM,256GBSSD,13Inch(33.02cm)PixelSenseDisplay,Copilot+PC,"1,00,999"
"MicrosoftNewSurface13""TouchscreenLaptop",SnapdragonXPlus(8Core),16GBRAM,512GBSSD,13Inch(33.02cm)PixelSenseDisplay,Copilot+PC,"1,11,990"
Dell15Laptop,13thGenIntelCorei7-1355U,16GBRAM,512GBSSD,15.6Inch(39.62cm)FHDDisplay,IntelUHDGraphics,"73,499"
LenovoYoga72-in-114AKP10Laptop,AMDRyzenAI7,24GBRAM,1TBSSD,14Inch(35.56cm)OLED10-pointMulti-touchDisplay,AMDRadeon860MGraphics,"99,990"
StoreDisplayUnit-ASUSVivobookGo14StudentLaptop,AMDRyzen37320U,8GBLPDDR5RAM,512GBSSD,14Inch(35.56cm)FHDDisplay,AMDRadeonGraphics,"43,990"
Dell14Thin&LightLaptop,13thGenIntelCorei3-1305U,8GBDDR5RAM,512GBSSD,14Inch(35.56cm)FHD+Display,IntelUHDGraphics,"42,999"
AsusVivobookGo14Thin&LightLaptop,AMDRyzen5QuadCore7520U,8GBRAM,512GBSSD,14Inch(35.56)FHDDisplay,AMDRadeonGraphics,"43,990"
StoreDisplayUnit-HPThin&LightLaptop,AMDRyzen5,16GBRAM,512GBSSD,AMDRadeonGraphics,Windows11Home,"46,999"
HPThin&LightLaptop,AMDRyzen3,8GBRAM,512GBSSD,14inch(35.56cm)Display,AMDRadeonGraphics,"38,999"
LenovoIdeaPadSlim315ABR8Thin&LightLaptop,AMDRyzen5,16GBRAM,512GBStorage,15.6Inch(39.62cm)FHDDisplay,AMDRadeonGraphics,"42,990"
HPThin&LightLaptop,13thGenIntelCorei5,16GBRAM,512GBSSD,15.6Inch(39.6cm)FullHDDisplay,IntelUHDGraphics,"59,490"
LenovoLOQ15IRX10GamingLaptop,IntelCorei7-13700HX,16GBRAM,1TBSSD,15.6Inch(39.62cm)FHDDisplay,8GB-NVIDIAGeForceRTX5050Graphics,"1,30,999"
LenovoLOQ15IRX10GamingLaptop,14thGenIntelCorei7,32GBRAM,1TBSSD,15.6Inch(39.62cm)FHDDisplay,8GB-NVIDIAGeForceRTX5060Graphics,"1,47,999"
LenovoIdeaPadSlim514IRH10Thin&LightLaptop,13thGenIntelCorei5,16GBRAM,1TBSSD,14Inch(35.56cm)OLEDDisplay,IntelUHDGraphics,"65,999"
AcerAspireLiteThin&LightLaptop,12thGenIntelCorei7-12650H,16GBLPDDR5RAM,512GBSSD,15.6Inch(39.62cm)FullHDIPSDisplay,IntelUHDGraphics,"54,990"
AcerSwiftLitePremiumThin&LightLaptop,IntelCoreUltra5-115U,16GBLPDDR5RAM,512GBSSD,14Inch(35.56cm)WUXGAOLEDDisplay,IntelGraphics,"57,990"
StoreDisplayUnit-DellVostroThin&LightLaptop,12thGenIntelCorei5-1235U,16GBDDR4RAM,512GBSSD,15.6Inch(39.62cm)FHDDisplay,IntelGraphics,"53,999"
SamsungGalaxyBook5Laptop,IntelCoreUltra7,16GBLPDDR5XRAM,1TBSSD,15.6Inch(39.62cm)FullHDDisplay,IntelGraphics,"1,03,990"
SamsungGalaxyBook5Laptop,IntelCoreUltra7,32GBLPDDR5XRAM,1TBSSD,15.6Inch(39.62cm)FullHDDisplay,IntelGraphics,"1,19,990"
SamsungGalaxyBook5Laptop,IntelCoreUltra5,16GBLPDDR5XRAM,512GBSSD,15.6Inch(39.62cm)FHDDisplay,IntelGraphics,"81,990"
ASUSVivobookS14LightWeightLaptop,IntelCore5210H,16GBRAM,512GBStorage,14Inch(35.56cm)WUXGADisplay,IntelUHDGraphics,"65,990"
ASUSTUFA16GamingLaptop,AMDRyzen77445HS,16GBRAM,1TBStorage,16Inch(40.64cm)FHD+Display,6GB-NVIDIAGeForceRTX4050Graphics,"1,11,990"
HPThin&LightLaptop,IntelCore3,16GB,512GBSSD,Windows11,15.6inch(39.6cm)FHDDisplay,"46,999"
DellAlienware16AuroraGamingLaptop,IntelCore7,16GBRAM,1TBStorage,16Inch(40.64cm)WQXGADisplay,8GB-NVIDIAGeForceRTX5050Graphics,"1,49,990"
AcerSwiftGo14Thin&LightPremiumLaptop,IntelCoreUltra7,16GBRAM,1TBStorage,14Inch(35.56cm)OLEDMulti-touchIPSDisplay,IntelARCGraphics,"88,990"
AcerPredatorHeliosNeoGamingLaptop,IntelCoreUltra7,16GBRAM,1TBStorage,16Inch(40.64cm)OLEDDisplay,8GB-NVIDIAGeForceRTX5050Graphics,"1,49,990"
MicrosoftSurfacePro2-in-1TouchscreenLaptop,SnapdragonXPlus,16GBRAM,256GBStorage,12InchPixelSense™LCDdisplay,Copilot+PC,"91,990"
MicrosoftSurfacePro2-in-1TouchscreenLaptop,SnapdragonXPlus,16GBRAM,512GBStorage,12InchPixelSense™LCDdisplay,Copilot+PC,"1,00,990"
AcerAspireLiteThin&LightLaptop,13thGenIntelCorei7,16GBRAM,512GBStorage,15.6Inch(39.62cm)FHDDisplay,IntelUHDGraphics,"72,999"
LenovoIdeaPadSlim315ABR8Thin&LightLaptop,AMDRyzen5,8GBRAM,512GBSSD,15.6Inch(39.62cm)FHDDisplay,AMDRadeonGraphics,"41,499"
HPOMENGamingLaptop,14thGenIntelCorei7,24GBRAM,1TBSSD,16Inch(40.6cm)DiagonalDisplay,8GB-NVIDIAGeForceRTX5050Graphics,"1,44,999"
HPVictusGamingLaptop,13thGenIntelCorei7,16GBRAM,512GBSSD,15.6Inch(39.62cm)FHDDisplay,6GB-NVIDIAGeForceRTX4050Graphics,"89,990"
LenovoIdeaPadSlim314IRU8Thin&LightLaptop,13thGenIntelCorei3,8GBRAM,512GBSSD,14Inch(35.6cm)FullHDDisplay,IntelUHDGraphics,"48,499"
StoreDisplayUnit-HPOMENGamingLaptop,14thGenIntelCorei7,16GBRAM,1TBSSD,16.1Inch(40.9cm)FHDDisplay,8GB-NVIDIAGeForceRTX4060Graphics,"1,13,000"
HPThin&LightLaptop,AMDRyzen7,16GBRAM,512GBSSD,15.6Inch(39.6cm)FullHDDisplay,AMDRadeonGraphics,"53,990"
StoreDisplayUnit-LenovoLOQ15GamingLaptop,13thGenIntelCorei5,24GBRAM,512GBSSD,15.6Inch(39.6cm)FullHDDisplay,6GB-NVIDIAGeForceRTX4050Graphics,"88,990"
StoreDisplayUnit-HPThin&LightLaptop,13thGenIntelCorei5,16GBRAM,512GBSSD,15.6Inch(39.6cm)FullHDDisplay,IntelIrisXeGraphics,"50,190"
ASUSVivobook15Thin&LightLaptop,AMDRyzen7,16GBRAM,512GBSSD,15.6Inch(39.6cm)FHDIPSDisplay,AMDRadeonGraphics,"49,990"
DellG15GamingLaptop,13thGenIntelCorei7,16GBDDR5RAM,1TBSSD,15.6Inch(39.62cm)FHDDisplay,6GBNVIDIAGeForceRTX3050Graphics,"95,999"
StoreDisplayUnit-LenovoLOQ15ARP9GamingLaptop,AMDRyzen5,24GBDDR5RAM,512GBSSD,15.6Inch(39.62cm)FHDDisplay,4GBNVIDIAGeForceRTX3050AGraphics,"76,999"
LenovoLOQ15ARP9GamingLaptop,AMDRyzen7,24GBDDR5RAM,512GBSSD,15.6Inch(39.62cm)FHDDisplay,4GBNVIDIAGeForceRTX3050AGraphics,"71,990"
AcerAspireGo14AG14-71MLaptop,IntelCoreUltra5,16GBDDR5RAM,512GBSSD,14Inch(35.56cm)WUXGAIPSDisplay,IntelGraphics,"61,999"
HPThin&LightLaptop,IntelCoreUltra5,16GBDDR5RAM,512GBSSD,15.6Inch(39.6cm)diagonalFHDDisplay,IntelArcGraphics,"70,499"
AcerNitroV15GamingLaptop,AMDRyzen5,16GBDDR5RAM,512GBSSD,15.6Inch(39.62cm)FullHDDisplay,6GBNVIDIAGeForceRTX3050Graphics,"60,999"
StoreDisplayUnit-HPVictusGamingLaptop,AMDRyzen58645HS,16GBDDR5RAM,512GBSSD,15.6Inch(39.6cm)diagonalFHDDisplay,4GB-NVIDIAGeForceRTX2050Graphics,"60,990"
StoreDisplayUnit-HPEssentialsThin&LightLaptop,13thGenIntelCorei3,8GBDDR4RAM,512GBSSD,14Inch(35.6cm)diagonalFHDDisplay,IntelUHDGraphics,"42,499"
HPThin&LightLaptop,13thGenIntelCorei3,8GBDDR4RAM,512GBSSD,15.6Inch(39.6cm)FullHDDisplay,Intel®UHDGraphics,"41,990"
HPThin&LightLaptop,13thGenIntelCorei5,16GBDDR4RAM,512GBSSD,15.6Inch(39.6cm)FullHDDisplay,IntelIrisXeGraphics,"59,999"
HPPavilionThin&LightLaptop,AMDRyzen™5,16GBLPDDR5RAM,512GBSSD,"16Inch(40.6cm)diagonal,WUXGAIPSDisplay",AMDRadeon™Graphics,"59,999"
StoreDisplayUnit-HPThin&LightLaptop2025,AMDRyzen5HexaCore7530U,16GBDDR4RAM,512GBSSD,15.6Inch(39.62cm)FHDDisplay,AMDRadeonGraphics,"47,990"
LenovoYogaSlim714ILL10Laptop,IntelCoreUltra5228V,32GBLPDDR5xRAM,1TBSSD,14Inch(35.56cm)OLEDDisplay,IntelArcGraphics130V,"1,19,999"
LenovoIdeaPadSlim315IRU8Thin&LightLaptop,13thGenIntelCorei3,8GBLPDDR5RAM,512GBSSD,15.6Inch(39.62cm)FHDDisplay,Intel®UHDGraphics,"41,999"
LenovoIdeaPadSlim514AKP10Thin&LightLaptop,AMDRyzen7,24GBDDR5RAM,1TBSSD,14Inch(35.56cm)OLEDDisplay,AMDRadeon™860MGraphics,"93,999"
ASUSTUFF16GamingLaptop,13thGenIntelCorei5-13450HX,16GBDDR5RAM,1TBSSD,16Inch(40.64cm)FHD+Display,NVIDIARTX50508GBGraphics,"1,19,990"
MSIThin15GamingLaptop,13thGenIntelCorei5,16GBDDR4RAM,512GBSSD,15.6Inch(39.62cm)FullHDDisplay,NVIDIAGeForceRTX30504GBGraphics,"76,990"
MSIThin15GamingLaptop,13thGenIntelCorei7,16GBDDR4RAM,512GBSSD,15.6Inch(39.62cm)FullHDDisplay,NVIDIAGeForceRTX30504GBGraphics,"89,990"
MSICyborg15GamingLaptop,IntelCore7,16GBDDR5RAM,1TBSSD,15.6Inch(39.62cm)FullHDDisplay,NVIDIAGeForceRTX50508GBGraphics,"1,15,990"
MSICyborg15GamingLaptop,IntelCore7,16GBDDR5RAM,1TBSSD,15.6Inch(39.62cm)FullHDDisplay,NVIDIAGeForceRTX50608GBGraphics,"1,25,990"
LenovoIdeaPadSlim315ABR8Thin&LightLaptop,AMDRyzen5,16GBDDR4RAM,512GBSSD,15.6Inch(39.62cm)FHDDisplay,AMDRadeonGraphics,"40,990"
AcerAspireALGAL15G-53GamingLaptop,13thGenIntelCorei7,16GBDDR4RAM,512GBSSD,15.6Inch(39.62cm)FullHDDisplay,6GBNVIDIAGeForceRTX3050Graphics,"75,990"
AcerAspireLiteLaptop,AMDRyzen3,8GBDDR4RAM,512GBSSD,15.6Inch(39.62cm)FullHDDisplay,AMDRadeonGraphics,"49,999"
StoreDisplayUnit-HPThin&LightLaptop,13thGenIntelCorei3,8GBDDR4RAM,512GBSSD,15.6Inch(39.62cm)FullHDDisplay,IntelUHDGraphics,"42,499"
ASUSROGStrixG16GamingLaptop,13thGenIntelCorei7,16GBDDR5RAM,1TBSSD,16Inch(40.64cm)FHD+Display,6GBNVIDIAGeForceRTX4050Graphics,"1,13,990"
LenovoYogaSlim7Laptop,IntelCoreUltra5,16GBDDR5RAM,1TBSSD,14Inch(35.56cm)WUXGAOLEDDisplay,IntelArcGraphics,"88,999"
StoreDisplayUnit-AppleMacBookAirM3Chip16GBRAM/256GBSSD/15.3inch,38.91cm)LiquidRetinaDisplay,8-coreCPU,10-coreGPU,macOS,Starlight(1YearOnSiteGoWarranty,"75,000"
StoreDisplayUnit-AppleMacBookProM2ProChip,16GBRAM,512GBSSD,16.2InchLiquidRetinaXDRDisplay,16coreGPU,SpaceGrey)MNW83HN,"2,06,990"
StoreDisplayUnit-AppleMacBookProM1Chip,8GBRAM,256GBSSD,13InchRetinaDisplay,8coreGPU,SpaceGrey)MYD82HN,"69,990"
StoreDisplayUnit-DellInspiron3530Thin&LightLaptop,13thGenIntelCorri7-1355U,16GBDDR4RAM,512GBSSD,15.6Inch(39.62cm)FHDDisplay,IntelIrisXeGraphics,"72,990"
DellG15-5530GamingLaptop,13thGenIntelCorei7-13650HX,16GBDDR5RAM,1TBSSD,15.6Inch(39.62cm)FHDDisplay,6GB-NVIDIAGeForceRTX3050Graphics,"93,990"
StoreDisplayUnit-DellInspiron5640Thin&LightLaptop,13thGenIntelCorei5-1334U,16GBDDR5RAM,512GBSSD,16Inch(40.64cm)FHD+Display,IntelIrisXeGraphics,"65,100"
DellInspiron74402in1Laptop,13thGenIntelCorei5-1334U,16GBDDR5RAM,512GBSSD,14Inch(35.56cm)FHD+Display,Intel®Iris®XeGraphics,"78,000"
DellInspiron3535Thin&LightLaptop,AMDRyzen5QuadCore7520U,8GBLPDDR5RAM,512GBSSD,15.6Inch(39.62cm)FHDDisplay,AMDRadeonGraphics,"42,999"
AcerAspireLiteAL15-53Thin&LightLaptop,IntelCorei5-1334U,16GBDDR4RAM,512GBSSD,15.6Inch(39.62cm)FullHDDisplay,IntelUHDGraphics,"51,999"
StoreDisplayUnit-HPThin&LightLaptop,IntelCorei5,16GBDDR4RAM,512GBSSD,14Inch(35.56cm)FHDDisplay,IntelIrisXGraphics,"59,999"
StoreDisplayUnit-HPThin&LightLaptop,AMDRyzen5-7520U,8GBLPDDR5RAM,512GBSSD,15.6Inch(39.62cm)FHDDisplay,AMDRadeonGraphics,"44,990"
ASUSTUFGamingA15Laptop,AMDRyzen7-7435HS,16GBDDR5-4800RAM,512GBSSD,15.6Inch(39.62cm)FHDDisplay,4GB-NVIDIAGeForceRTX3050Graphics,"66,990"
RefurbishedDellLatitude7310,Corei710thGen,16GB,512GBSSD,Webcam,13.3''NonTouch,"37,499"
RefurbishedHPElitebook830G7,Corei510thGen,16GB,512GBSSD,Webcam,"13.3""NonTouch","39,999"
RefurbishedHPProbook640G5,Corei58thGen,16GB,512GBSSD,Webcam,"14""NonTouch","28,999"
RefurbishedHPElitebook840G6,Corei78thGen,16GB,1TBSSD,Webcam,14''NonTouch,"37,499"
RefurbishedHPProbook640G5,Corei58thGen,8GB,512GBSSD,Webcam,"14""NonTouch","27,999"
RefurbishedHPProbook440G5,Corei57thGen,8GB,256GBSSD,Webcam,14'',"23,990"
RefurbishedLenovoThinkpadT480,Corei78thGen,8GB,512GBSSD,Webcam,14''NonTouch,"29,990"
RefurbishedDellLatitude7490,Corei58thGen,8GB,512GBSSD,Webcam,14''NonTouch,"27,499"
HPOmniBook7AeroNextGenAILaptop,AMDRyzenAI5,16GBLPDDR5xRAM,512GBSSD,13.3Inch(33.78cm)diagonalWQXGADisplay,AMDRadeon840MGraphics,"78,999"
HPOmniBook5NextGenAILaptop,AMDRyzenAI7,16GBLPDDR5xRAM,512GBSSD,16Inch(40.64cm)diagonal2KTouchscreenDisplay,AMDRadeon860MGraphics,"79,499"
HPOmniBook5NextGenAILaptop,AMDRyzenAI5,16GBLPDDR5xRAM,512GBSSD,16Inch(40.64cm)diagonal2KDisplay,AMDRadeon840MGraphics,"72,499"
HPOmniBookXFlipConvertibleLaptop,IntelCoreUltra7,16GBLPDDR5xRAM,512GBSSD,14Inch(35.56cm)diagonal3KOLEDTouchscreenDisplay,IntelArcGraphics,"1,38,999"
DellG15GamingLaptop,IntelCorei513thGen,16GBRAM,1TBSSD,15.6Inch(39.62cm)FHDDisplay,6GB-NVIDIAGeForceRTX3050Graphics,"83,999"
AcerAspireALGAL15G-53GamingLaptop,13thGenIntelCorei5-13420H,16GBDDR4RAM,512GBSSD,15.6Inch(39.62cm)FullHDDisplay,6GB-NVIDIAGeForceRTXTM3050Graphics,"79,998"
LenovoIdeaPad5ConvertibleLaptop,IntelCorei513thGen,16GBLPDDR5xRAM,512GBSSD,14Inch(35.56cm)TouchscreenDisplay,IntelUHDGraphics,"76,499"
StoreDisplayUnit-ASUSVivobookGo14Laptop,AMDRyzen37320U,8GBLPDDR5RAM,512GBSSD,14Inch(35.56cm)FHDDisplay,AMDRadeonGraphics,"43,990"
StoreDisplayUnit-HP15Thin&LightLaptop,13thGenIntelCorei5,16GBDDR4RAM,512GBSSD,15.6Inch(39.62cm)FHDDisplay,IntelIrisXGraphics,"51,990"
StoreDisplayUnit-DellVostro3520Laptop,IntelCorei312thGen,8GBRAM,512GBSSD,15.6inch(39.62cm)FHDDisplay,IntelUHDGraphics,"34,000"
AppleMacBookAirM2chip,16GBRAM,256GBSSD,13.6inch(34.46cm)LiquidRetinaDisplay,8-coreCPU,8-coreGPUmacOS,"69,900"
StoreDisplayUnit-HP15sLaptop,12thGenIntelCorei5,8GBRAM,512GBSSD,15.6inch(39.6cm)FHDDisplay,IntelIrisXeGraphic,"42,000"
StoreDisplayUnit-LenovoIdeapad3Laptop,12thGenIntelCorei3,8GBDDR4RAM,512GBSSD,15.6Inch(39.6cm)FHDDisplay,IntelUHDGraphics,"31,390"
StoreDisplayUnit-AcerALGAL15G-52GamingLaptop,12thGenIntelCorei5,16GBDDR4RAM,512GBSSD,15.6Inch(39.6cm)FHDDisplay,144Hz,"53,000"
ASUSTUFGamingF16Laptop,IntelCore5210H,16GBDDR4RAM,512GBSSD,16Inch(40.64cm)FHD+Display,4GBGDDR6NVIDIAGeForceRTX3050AGraphics,"74,990"
"ASUSZenbookA14,AIPoweredLaptop",SnapdragonXX126100,16GBLPDDR5XRAM,512GBSSD,14Inch(35.56cm)WUXGAOLEDDisplay,QualcommAdrenoGPUGraphics,"99,990"
HPVictusGamingLaptop,13thGenIntelCorei5,16GBDDR4RAM,512GBSSD,15.6Inch(39.6cm)diagonalFHDIPSDisplay,4GBNVIDIA®GeForceRTX2050Graphics,"64,559"
SamsungGalaxyBook5ProLaptop,IntelCoreUltra7,16GBLPDDR5XRAM,512GBSSD,16Inch(40.64cm)WQXGA+DynamicAMOLED2XDisplay,IntelARCGraphics,"1,49,990"
SamsungGalaxyBook5Pro360Laptop,IntelCoreUltra7,32GBLPDDR5XRAM,1TBSSD,16Inch(40.64cm)WQXGA+DynamicAMOLED2XDisplay,IntelARCGraphics,"1,95,990"
SamsungGalaxyBook5Pro360Laptop,IntelCoreUltra7,16GBLPDDR5XRAM,512GBSSD,16Inch(40.64cm)WQXGA+DynamicAMOLED2XDisplay,IntelARCGraphics,"1,63,990"
SamsungGalaxyBook5Pro360Laptop,IntelCoreUltra5,16GBLPDDR5XRAM,512GBSSD,16Inch(40.64cm)WQXGA+DynamicAMOLED2XDisplay,IntelARCGraphics,"1,55,990"
SamsungGalaxyBook5360Laptop,IntelCoreUltra7,32GBLPDDR5XRAM,1TBSSD,15.6Inch(39.62cm)FHDAMOLEDDisplay,IntelARCGraphics,"1,54,990"
SamsungGalaxyBook5360Laptop,IntelCoreUltra7,16GBLPDDR5XRAM,1TBSSD,15.6Inch(39.62cm)FHDAMOLEDDisplay,IntelARCGraphics,"1,38,990"
DellInspiron15Laptop,13thGenIntelCorei3,8GBDDR4RAM,512GBSSD,15.6Inch(39.62cm)FHDDisplay,IntelUHDGraphics,"38,999"
HP15Laptop,AMDRyzen5,16GBRAM,512GBSSD,15.6inch(39.6cm)FHDDisplay,AMDRadeonGraphics,"41,990"
StoreDisplayUnit-LenovoIdeaPad314IAU7Laptop,12thGenCorei3,8GBRAM,512GBSSD,14inches(35.56cm)Display,IntelUHDGraphics,"32,490"
AcerAspireLiteLaptop,13thGenCorei3-1305U,8GBRAM,512GBSSD,15.6Inch-39.62cmFHDDisplay,Win11,"39,999"
StoreDisplayUnit-DellInspiron14plusLaptop,IntelCorei5,16GBDDR5RAM,512GBSSD,14Inch(35.56cm)FHDPlusIPSDisplay,IntelGraphics,"60,000"
LenovoLOQ15IAX9GamingLaptop,12thGenIntelCorei5,12GBRAM,512GBSSD,15.6Inch(39.62cm)FHDDisplay,NVIDIAGeForceRTX20504GBGraphics,"64,990"
DellInspiron15Laptop,13thGenIntelCorei5,16GBDDR4RAM,1TBSSD,15.6Inch(39.62cm)FHDDisplay,IntelUHDGraphics,"58,990"
StoreDisplayUnit-DellInspiron15Laptop,13thGenIntelCorei5,16GBDDR4RAM,512GBSSD,15.6Inch(39.62cm)FHDDisplay,IntelIrisXeGraphics,"60,999"
StoreDisplayUnit-AcerPredatorHeliosNeo14GamingLaptop,IntelCoreUltra716GBLPDDR5XRAM,1TBSSD,14.5Inch(36.83cm)FHDDisplay,NVIDIAGeForceRTX40506GBGraphics,BacklitKeyboard,"1,10,298"
LenovoSlim3-1512thGenLaptop,IntelCorei5,16GBLPDDR5RAM,512GBSSD,15.6Inch(39.62cm)FHDIPSDisplay,IntelUHDGraphics,"57,999"
HPVictus13thGenGamingLaptop,IntelCorei5,16GBDDR4RAM,512GBSSD,NVIDIAGeForceRTX30506GBGraphics,15.6Inch(39.62cm)144HzFullHDDisplay,"72,758"
StoreDisplayUnit-DellInspiron15Laptop,IntelCorei312thGen,8GBDDR4RAM,512GBSSD,15.6Inch(39.62cm)Display,IntelUHDGraphics,"30,000"
AcerNITROVANV15-41GamingLaptop,AMDRyzen7,16GBRAM,512GBSSD,15.6inch(39.6cm)FullHDDisplay,NVIDIAGeForceRTXTM40506GBGraphics,"80,990"
StoreDisplayUnit-AcerNITROVANV15-41GamingLaptop,AMDRyzen7,16GBRAM,512GBSSD,15.6inch(39.6cm)144HzFullHDDisplay,NVIDIAGeForceRTX30506GBGraphics,"67,000"
DellInspiron14Laptop,IntelCorei513thGen,16GBRAM,512GBSSD,14inch(35.56cm)FHDPlusIPSDisplay,IntelIrisXeGraphics,"66,999"
StoreDisplayUnit-HPPavilion16Laptop,IntelCoreUltra5processor,16GBRAM,512GBSSD,40.6cm(16)diagonalWUXGAdisplay,1080pFHD,"70,999"
StoreDisplayUnit-DellInspiron15Laptop,12thGenCorei5,8GBRAM,512GBSSD,15.6inch,IntelUHDGraphics,"53,999"
StoreDisplayUnit-DellInspiron14Laptop,Core3Processor,8GBRAM,512GBSSD,14inch(35.56cm),Touchscreen,"68,499"
StoreDisplayUnit-HPLaptop,"14thGenIntelCoreUltra7155H,16GBRAM",512GBSSD,14inch(35.56cm)diagonalFHDdisplay,IntelArcGraphics,Silver,"72,000"
StoreDisplayUnit-AcerALGGamingLaptop,12thGenCorei5-12450HSeries,16GBRAM,512GBSSD,15.6Inch(39.6cm)144HzDisplay,NVIDIARTX3050,"60,000"
HPVictusGamingLaptop,13thGenCorei5,16GBRAM,512GBSSD,15.6inch(39.62cm)Display,6GBRTX4050Graphics,"82,990"
AsusROGStrixG16,IntelCorei7,16GBRAM,1TBSSD,16Inch(40.64cm)FHDDisplay,6GBRTX4050Graphics,"1,13,990"
StoreDisplayUnit-AcerAspireLite15-52Laptop,12thGenCorei5,16GBRAM,512GBSSD,IntelIrisXeGraphics,Windows11,"44,000"
DellG15GamingLaptop,13thGenCorei7,16GBRAM,512GBSSD,15.6inch(39.62cm),NVIDIA6GBGraphics,"91,990"
DellG15-553013thGenGamingLaptop,IntelCorei5-13450HX,16GBDDR5RAM,512GBSSD,NVIDIARTX3050(6GBGDDR6),15.6Inch(39.62cm)FHD120HzDisplay,"81,999"
AcerAspire3A325-45Laptop,IntelCeleronN4500,8GBRAM,512GBSSD,15.6inch(39.6cm)FullHDLEDBacklitDisplay,IntelUHDGraphics,"25,990"
AcerSwiftGoLaptop,IntelCoreUltra5,16GBRAM,512GBSSD,14Inch(35.56cm)OLEDWUXGADisplay,IntelARCGraphics,"76,990"
StoreDisplayUnit-DellInspironLaptop,IntelCoreUltra514thGen,16GBRAM,512GBSSD,13.3InchQHDPlusDisplay,IntelArcGraphics,"79,990"
StoreDisplayUnit-HP14Laptop,AMDRyzen3,8GBRAM,512SSD,14inch(35.6cm)FHDDisplay,Thin&Light,"37,990"
ASUSVivobook15,13thGenCorei3,8GBRAM,512GBSSD,15.6inch(39.62cm),IntelUHDGraphics,"47,990"
MicrosoftSurfacePro,11thEdition)(SnapdragonXPlus(10Core),16GBRAM,512GBSSD,13inch(33.02cm)QualcommGraphics,Win11,"1,30,990"
MicrosoftSurfacePro,11thEdition)(SnapdragonXPlus(10Core),16GBRAM,512GBSSD,13inch(33.02cm)QualcommGraphics,Win11,"1,30,990"
MicrosoftSurfacePro,11thEdition)(SnapdragonXPlus(10Core),16GBRAM,256GBSSD,13inch(33.02cm)QualcommGraphics,Win11,"1,12,990"
MicrosoftSurfacePro,11thEdition)(SnapdragonXElite(12Core),16GBRAM,512GBSSD,13inch(33.02cm)QualcommGraphics,Win11,"1,69,990"
MicrosoftSurfacePro,11thEdition)(SnapdragonXElite(12Core),16GBRAM,1TBSSD,13inch(33.02cm)QualcommAdrenoGraphics,Win11,"1,89,990"
MicrosoftSurfaceLaptop,7thEdition)(SnapdragonXElite(12Core),16GBRAM,256GBSSD,15inch(38.1cm)QualcommGraphics,Win11,"1,39,990"
MicrosoftSurfaceLaptop,7thEdition)(SnapdragonXPlus(10Core),16GBRAM,512GBSSD,13.8inch(35.05cm),QualcommGraphics,"1,30,990"
MicrosoftSurfaceLaptop,7thEdition)(SnapdragonXPlus(10Core),16GBRAM,256GBSSD,13.8inch(35.05cm),QualcommGraphics,"1,12,990"
MicrosoftSurfaceLaptop,7thEdition)(SnapdragonXElite(12Core),16GBRAM,512GBSSD,13.8inch(35.05cm),QualcommGraphics,"1,57,990"
HPEnvyx3602-in-1Laptop,IntelCoreUltra5,16GBRAM,512GBSSD,14inch(35.6cm)WUXGADisplay,Intel®Graphics,"87,499"
StoreDisplayUnit-LenovoIdeaPadSlim514IRL8,13thGenCorei5,16GB,512GBSSD,14inch(35.56cm),IntelUHDGraphics,"59,999"
StoreDisplayUnit-LenovoLOQ15IAX9GamingLaptop,12thGenCorei5,12GBRAM,512GBSSD,15.6Inch(39.62cm),4GBRTX2050Graphics,"51,000"
HPPavilionx360,13thGenCorei5,16GB,512GBSSD,14inch(35.6cm),HPFastCharge,"63,990"
StoreDisplayUnitHPVictusGamingLaptop,12thGenCorei5,16GBRAM,512GBSSD,15.6inch(39.62cm)144HzDisplay,4GBRTXGraphics,"62,999"
StoreDisplayUnit-HPEnvyx3602-in-1Laptop,IntelCoreUltra7,16GBRAM,512GBSSD,14inch(35.6cm)Display,IntelGraphics,"97,499"
StoreDisplayUnit-HPEnvyx3602-in-1Laptop,IntelCoreUltra5,16GBRAM,512GBSSD,14inch(35.6cm)OLEDDisplay,IntelGraphics,"90,499"
StoreDisplayUnit-HPPavilion15Laptop,13thGenIntelCorei5,16GBRAM,512GBSSD,15.6inch(39.6cm)Display,IntelIrisXeGraphics,"70,990"
StoreDisplayUnit-DellInspiron3530Laptop,13thGenInteli5,8GBRAM,512GBSSD,15.6inch(39.62cm)Display,IntelUHDGraphics,"49,790"
StoreDisplayUnit-AcerNitroVGamingLaptop,13thGenCorei5,16GBRAM,512GBSSD,"15.6""(39.62cm)",NVIDIAGeForceRTX3050Graphics,"62,000"
StoreDisplayUnit-AppleMacBookAir15InchM2Chip,8GBRAM,256GBSSD,LiquidRetinaDisplay,10coreGPU,Starlight)(1YearOnSiteGoWarranty,"79,990"
AppleMacBookProM4ProChip,24GBRAM,512GBSSD,16.2inch(41.05cm)LiquidRetinaXDRDisplay,14-coreCPU,20-coreGPUmacOS,"2,29,900"
AppleMacBookProM4ProChip,24GBRAM,512GBSSD,16.2inch(41.05cm)LiquidRetinaXDRDisplay,14-coreCPU,20-coreGPUmacOS,"2,29,900"
AppleMacBookProM4Chip,16GBRAM,512GBSSD,14.2inch(35.97cm)LiquidRetinaXDRDisplay,10-coreCPU,10-coreGPUmacOS,"1,36,990"
AppleMacBookProM4Chip,16GBRAM,1TBSSD,14.2inch(35.97cm)LiquidRetinaXDRDisplay,10-coreCPU,10-coreGPUmacOS,"1,59,990"
AppleMacBookProM4ProChip,24GBRAM,512GBSSD,14.2inch(35.97cm)LiquidRetinaXDRDisplay,12-coreCPU,16-coreGPUmacOS,"1,89,900"
AppleMacBookProM4ProChip,48GBRAM,512GBSSD,16.2inch(41.05cm)LiquidRetinaXDRDisplay,14-coreCPU,20-coreGPUmacOS,"2,75,399"
AppleMacBookProM4Chip,24GBRAM,1TBSSD,14.2inch(35.97cm)LiquidRetinaXDRDisplay,10-coreCPU,10-coreGPUmacOS,"1,99,500"
AppleMacBookAirM3Chip,16GBRAM,256GBSSD,15.3inch(38.91cm)LiquidRetinaDisplay,8-coreCPU,10-coreGPU,"78,334"
AppleMacBookProM4MaxChip,36GBRAM,1TBSSD,16.2inch(41.05cm)LiquidRetinaXDRDisplay,14-coreCPU,32-coreGPU,"3,32,500"
AppleMacBookProM4ProChip,24GBRAM,1TBSSD,14.2inch(35.97cm)LiquidRetinaXDRDisplay,14-coreCPU,20-coreGPUmacOS,"2,15,900"
AppleMacBookProM4Chip,16GBRAM,1TBSSD,14.2inch(35.97cm)LiquidRetinaXDRDisplay,10-coreCPU,10-coreGPUmacOS,"1,70,900"
AppleMacBookAirM3Chip,16GBRAM,256GBSSD,15.3inch(38.91cm)LiquidRetinaDisplay,8-coreCPU,10-coreGPU,"78,334"
AppleMacBookProM4MaxChip,48GBRAM,1TBSSD,16.2inch(41.05cm)LiquidRetinaXDRDisplay,16-coreCPU,40-coreGPU,"3,79,905"
AppleMacBookProM4Chip,16GBRAM,512GBSSD,14.2inch(35.97cm)LiquidRetinaXDRDisplay,10-coreCPU,10-coreGPUmacOS,"1,52,900"
AppleMacBookProM4ProChip,24GBRAM,512GBSSD,14.2inch(35.97cm)LiquidRetinaXDRDisplay,12-coreCPU,16-coreGPUmacOS,"1,89,900"
AppleMacBookAirM2chip,16GBRAM,256GBSSD,13.6inch(34.46cm)LiquidRetinaDisplay,8-coreCPU,8-coreGPUmacOS,"72,990"
MicrosoftSurfaceLaptop,7thEdition)(SnapdragonXElite(12Core),16GBRAM,512GBSSD,13.8inch(35.05cm),QualcommGraphics,"1,57,990"
StoreDisplayUnit-HPSpectrex36020242-in1Laptop,IntelCoreUltra7,32GBRAM,1TBSSD,14inch(35.6cm)Display,IntelARCGraphics,"1,58,999"
AppleMacbookAir2024,M3Chip,8GBRAM,512GBSSD,8CoreCPU10COREGPU,15.3Inch38.91cmLiquidRetinaDisplay,"99,590"
StoreDisplayUnit-AppleMacbookAir2024,M3Chip,8GBRAM,512GBSSD,8CoreCPU10COREGPU,15.3Inch(38.91cm)LiquidRetinaDisplay,"99,590"
StoreDisplayUnit-AppleMacbookAir2024,M3Chip,8GBRAM,512GBSSD,15.3Inch(38.91cm)Display,Silver)MRYQ3HN,"99,590"
AppleMacbookAir2024,M3Chip,8GBRAM,512GBSSD,8CoreCPU10COREGPU,15.3Inch38.91cmLiquidRetinaDisplay,"99,590"
AppleMacbookAir2024,M3Chip,16GBRAM,512GBSSD,8CoreCPU10COREGPU,15.3Inch38.91cmLiquidRetinaDisplay,"92,776"
AppleMacbookAir2024,M3Chip,16GBRAM,512GBSSD,8CoreCPU10COREGPU,15.3Inch38.91cmLiquidRetinaDisplay,"92,776"
AppleMacbookAir2024,M3Chip,16GBRAM,512GBSSD,8CoreCPU10COREGPU,15.3Inch38.91cmLiquidRetinaDisplay,"92,776"
StoreDisplayUnit-AppleMacBookAirM2ChipMLY23HN/A,8GBRAM,512GBSSD,13.6-inch(34.46cm)Display,8-coreCPU,10-coreGPU,"75,490"
AppleMacBookAirM2Chip,2022)(8GBRAM,512GBSSD,13.6-inch(34.46cm),8-coreCPU,10-coreGPU,"75,583"
AppleMacBookAirM2ChipLaptop,8GBRAM,512GBSSD,13.6-inch(34.46cm)Display,8-coreCPU,10-coreGPU,"75,583"
StoreDisplayUnit-AppleMacBookAirM1chipLaptop,8GBRAM,256GBSSD,13.3-inch(33.74cm)RetinaDisplay,BacklitKB,FaceTimeHDCamera,"49,990"
AppleMacBookNeoA18Prochip,8GBRAM,256GBSSD,13InchLiquidRetinaDisplay,6‑coreCPUand5‑coreGPU,Citrus,"66,490"
StoreDisplayUnit-AppleMacBookProM4ProChip,24GBRAM,512GBSSD,16.2inch(41.05cm)LiquidRetinaXDRDisplay,14-coreCPU,20-coreGPUmacOS,"1,69,990"
StoreDisplayUnit-AppleMacBookProM4ProChip,24GBRAM,512GBSSD,16.2inch(41.05cm)LiquidRetinaXDRDisplay,14-coreCPU,20-coreGPUmacOS,"1,69,990"
StoreDisplayUnit-AppleMacBookProM5Chip,16GBRAM,512GBSSD,14inch(35.56cm)LiquidRetinaXDRDisplay,10-coreCPU,10-coreGPU,"1,34,990"
StoreDisplayUnit-AppleMacBookAirM2chip,16GBRAM,256GBSSD,13.6inch(34.46cm)LiquidRetinaDisplay,8-coreCPU,8-coreGPUmacOS,"59,990"
AppleMacBookProM5ProChip,24GBRAM,1TBSSD,16inch(40.64cm)LiquidRetinaXDRDisplay,18-coreCPU,20-coreGPU,"2,90,890"
AppleMacBookProM5MaxChip,36GBRAM,2TBSSD,14inch(35.56cm)LiquidRetinaXDRDisplay,18-coreCPU,32-coreGPU,"3,79,890"
AppleMacBookProM5ProChip,24GBRAM,2TBSSD,14inch(35.56cm)LiquidRetinaXDRDisplay,18-coreCPU,20-coreGPU,"2,94,390"
AppleMacBookProM5ProChip,24GBRAM,1TBSSD,14inch(35.56cm)LiquidRetinaXDRDisplay,15-coreCPU,16-coreGPU,"2,37,390"
AppleMacBookProM5MaxChip,36GBRAM,2TBSSD,14inch(35.56cm)LiquidRetinaXDRDisplay,18-coreCPU,32-coreGPU,"3,79,890"
AppleMacBookProM5ProChip,24GBRAM,2TBSSD,14inch(35.56cm)LiquidRetinaXDRDisplay,18-coreCPU,20-coreGPU,"2,94,390"
AppleMacBookProM5ProChip,24GBRAM,1TBSSD,14inch(35.56cm)LiquidRetinaXDRDisplay,15-coreCPU,16-coreGPU,"2,37,390"
AppleMacBookProM5ProChip,24GBRAM,2TBSSD,14inch(35.56cm)LiquidRetinaXDRDisplay,15-coreCPU,16-coreGPU,"2,75,390"
AppleMacBookProM5ProChip,24GBRAM,2TBSSD,14inch(35.56cm)LiquidRetinaXDRDisplay,15-coreCPU,16-coreGPU,"2,75,390"
AppleMacBookProM5Chip,32GBRAM,1TBSSD,14inch(35.56cm)LiquidRetinaXDRDisplay,10-coreCPU,10-coreGPU,"2,18,390"
AppleMacBookProM5Chip,32GBRAM,1TBSSD,14inch(35.56cm)LiquidRetinaXDRDisplay,10-coreCPU,10-coreGPU,"2,18,390"
AppleMacBookAirM5Chip,24GBRAM,1TBSSD,15InchLiquidRetinaDisplay,10‑coreCPUand10‑coreGPU,SkyBlue,"1,75,590"
AppleMacBookAirM5Chip,16GBRAM,1TBSSD,15InchLiquidRetinaDisplay,10‑coreCPUand10‑coreGPU,SkyBlue,"1,51,690"
AppleMacBookAirM5Chip,24GBRAM,1TBSSD,15InchLiquidRetinaDisplay,10‑coreCPUand10‑coreGPU,Midnight,"1,69,990"
AppleMacBookAirM5Chip,16GBRAM,1TBSSD,15InchLiquidRetinaDisplay,10‑coreCPUand10‑coreGPU,Midnight,"1,51,690"
HPOMENGamingLaptop,14thGenIntelCorei9,24GBRAM,1TBSSD,16Inch(40.6cm)diagonal2KDisplay,8GB-NVIDIAGeForceRTX5060Graphics,"1,79,999"
SamsungGalaxyBook3360Laptop,IntelCorei7,16GBRAM,512GBSSD,13.3Inch(33.78cm)FHDAMOLEDDisplay,IntelIrisXeGraphics,"1,12,990"
AppleMacBookProM4MaxChip,36GBRAM,1TBSSD,14.2inch(35.97cm)LiquidRetinaXDRDisplay,14-coreCPU,32-coreGPUmacOS,"2,87,900"
AppleMacBookAirM3Chip,16GBRAM,256GBSSD,15.3inch(38.91cm)LiquidRetinaDisplay,8-coreCPU,10-coreGPU,"78,334"
AppleMacBookProM4MaxChip,36GBRAM,1TBSSD,14.2inch(35.97cm)LiquidRetinaXDRDisplay,14-coreCPU,32-coreGPUmacOS,"2,87,900"
AppleMacBookProM4MaxChip,36GBRAM,1TBSSD,16.2inch(41.05cm)LiquidRetinaXDRDisplay,14-coreCPU,32-coreGPU,"3,32,399"
AppleMacBookProM4ProChip,48GBRAM,512GBSSD,16.2inch(41.05cm)LiquidRetinaXDRDisplay,14-coreCPU,20-coreGPUmacOS,"2,60,900"
AppleMacBookProM4Chip,24GBRAM,1TBSSD,14.2inch(35.97cm)LiquidRetinaXDRDisplay,10-coreCPU,10-coreGPUmacOS,"1,80,990"
AppleMacBookProM4ProChip,24GBRAM,1TBSSD,14.2inch(35.97cm)LiquidRetinaXDRDisplay,14-coreCPU,20-coreGPUmacOS,"2,28,000"
AppleMacBookAirM5Chip,24GBRAM,1TBSSD,15InchLiquidRetinaDisplay,10‑coreCPUand10‑coreGPU,Starlight,"1,69,990"
AppleMacBookAirM5Chip,16GBRAM,1TBSSD,15InchLiquidRetinaDisplay,10‑coreCPUand10‑coreGPU,Starlight,"1,51,690"
AppleMacBookAirM5Chip,24GBRAM,1TBSSD,15InchLiquidRetinaDisplay,10‑coreCPUand10‑coreGPU,Silver,"1,69,990"
AppleMacBookAirM5Chip,16GBRAM,1TBSSD,15InchLiquidRetinaDisplay,10‑coreCPUand10‑coreGPU,Silver,"1,51,690"
AppleMacBookAirM5Chip,24GBRAM,1TBSSD,13InchLiquidRetinaDisplay,10‑coreCPUand10‑coreGPU,SkyBlue,"1,46,990"
AppleMacBookAirM5Chip,24GBRAM,1TBSSD,13InchLiquidRetinaDisplay,10‑coreCPUand10‑coreGPU,Midnight,"1,46,990"
AppleMacBookAirM5Chip,16GBRAM,1TBSSD,13InchLiquidRetinaDisplay,10‑coreCPUand10‑coreGPU,Midnight,"1,28,690"
AppleMacBookAirM5Chip,24GBRAM,1TBSSD,13InchLiquidRetinaDisplay,10‑coreCPUand10‑coreGPU,Starlight,"1,46,990"
AppleMacBookAirM5Chip,16GBRAM,1TBSSD,13InchLiquidRetinaDisplay,10‑coreCPUand10‑coreGPU,Starlight,"1,28,690"
AppleMacBookAirM5Chip,24GBRAM,1TBSSD,13InchLiquidRetinaDisplay,10‑coreCPUand10‑coreGPU,Silver,"1,46,990"
AppleMacBookAirM5Chip,16GBRAM,1TBSSD,13InchLiquidRetinaDisplay,10‑coreCPUand10‑coreGPU,Silver,"1,28,690"
HPOmniBook7AILaptop,IntelCoreUltra7-255H,32GBRAM,1TBSSD,"14Inch(35.56cm)diagonal,3KOLEDDisplay",IntelArc140TGPU,"1,21,999"
ASUSZenbook14OLEDLaptop,IntelCoreUltra9,32GBRAM,1TBSSD,14Inch(35.56cm)OLEDTouchScreenDisplay,IntelArcGraphics,"1,37,990"
AppleMacBookProM5Chip,16GBRAM,512GBSSD,14inch(35.56cm)LiquidRetinaXDRDisplay,10-coreCPU,10-coreGPU,"1,52,900"
Dell15Laptop,AMDRyzen3,8GBRAM,512GBSSD,15.6inch(39.62cm)Display,AMDRadeon610MGraphics,"34,499"
